date,sydney,melbourne,brisbane,adelaide,perth,agg
2020-09-04,169.45,150.44,110.73,118.45,84.86,141.23
2020-09-03,169.48,150.5,110.74,118.42,84.89,141.27
2020-09-02,169.48,150.51,110.74,118.42,84.9,141.27
2020-09-01,169.5,150.55,110.71,118.41,84.91,141.29
2020-08-31,169.56,150.61,110.7,118.4,84.92,141.32
2020-08-30,169.64,150.62,110.71,118.35,84.89,141.35
2020-08-29,169.64,150.64,110.67,118.4,84.64,141.31
2020-08-28,169.55,150.73,110.67,118.35,84.64,141.3
2020-08-27,169.57,150.74,110.67,118.39,84.67,141.31
2020-08-26,169.62,150.72,110.7,118.35,84.64,141.33
2020-08-25,169.66,150.92,110.65,118.36,84.67,141.39
2020-08-24,169.68,150.95,110.68,118.36,84.65,141.4
2020-08-23,169.74,150.99,110.68,118.34,84.63,141.43
2020-08-22,169.75,151.07,110.57,118.4,84.61,141.44
2020-08-21,169.7,151.14,110.53,118.47,84.72,141.46
2020-08-20,169.81,151.17,110.49,118.47,84.76,141.51
2020-08-19,169.8,151.19,110.49,118.47,84.76,141.51
2020-08-18,169.73,151.32,110.47,118.41,84.81,141.52
2020-08-17,169.76,151.35,110.45,118.46,84.78,141.53
2020-08-16,169.79,151.38,110.51,118.5,84.82,141.57
2020-08-15,169.83,151.43,110.5,118.55,84.64,141.57
2020-08-14,169.93,151.54,110.51,118.51,84.61,141.63
2020-08-13,169.93,151.63,110.52,118.48,84.61,141.66
2020-08-12,169.93,151.69,110.53,118.46,84.61,141.67
2020-08-11,169.95,151.9,110.55,118.43,84.66,141.74
2020-08-10,169.98,151.97,110.55,118.4,84.74,141.78
2020-08-09,170.01,152.05,110.56,118.45,84.71,141.81
2020-08-08,170.1,152.17,110.61,118.51,84.86,141.92
2020-08-07,170.12,152.23,110.61,118.52,84.87,141.95
2020-08-06,170.09,152.25,110.64,118.5,84.87,141.94
2020-08-05,170.08,152.27,110.65,118.43,84.88,141.94
2020-08-04,170.12,152.34,110.66,118.43,84.91,141.98
2020-08-03,170.2,152.39,110.68,118.43,84.9,142.03
2020-08-02,170.28,152.41,110.71,118.43,84.88,142.06
2020-08-01,170.31,152.41,110.74,118.43,84.86,142.07
2020-07-31,170.34,152.44,110.73,118.38,84.9,142.09
2020-07-30,170.4,152.56,110.85,118.3,84.87,142.15
2020-07-29,170.38,152.55,110.79,118.32,84.89,142.14
2020-07-28,170.4,152.64,110.77,118.33,84.9,142.17
2020-07-27,170.47,152.68,110.87,118.3,84.86,142.22
2020-07-26,170.6,152.85,110.83,118.29,84.93,142.32
2020-07-25,170.62,152.87,110.8,118.25,84.99,142.33
2020-07-24,170.68,152.96,110.77,118.23,85.05,142.38
2020-07-23,170.74,153.03,110.79,118.29,85.12,142.45
2020-07-22,170.78,153.02,110.77,118.19,85.06,142.45
2020-07-21,170.84,153.07,110.74,118.19,85.13,142.49
2020-07-20,170.91,153.13,110.85,118.28,85.17,142.56
2020-07-19,170.91,153.13,110.85,118.28,85.17,142.56
2020-07-18,171.04,153.19,110.89,118.37,85.23,142.65
2020-07-17,171.11,153.21,110.85,118.49,85.24,142.68
2020-07-16,171.13,153.22,110.87,118.5,85.24,142.7
2020-07-15,171.21,153.24,110.86,118.48,85.27,142.73
2020-07-14,171.24,153.43,110.89,118.42,85.32,142.8
2020-07-13,171.33,153.43,110.88,118.45,85.3,142.84
2020-07-12,171.35,153.49,110.88,118.48,85.25,142.86
2020-07-11,171.45,153.56,110.9,118.47,85.25,142.92
2020-07-10,171.72,153.63,110.89,118.37,85.38,143.05
2020-07-09,171.72,153.76,110.88,118.33,85.44,143.09
2020-07-08,171.74,153.75,110.89,118.32,85.42,143.09
2020-07-07,171.73,153.92,110.94,118.3,85.4,143.13
2020-07-06,171.77,154.04,110.92,118.38,85.42,143.18
2020-07-05,171.77,154.11,110.96,118.33,85.43,143.21
2020-07-04,171.81,154.16,111,118.3,85.44,143.24
2020-07-03,171.83,154.2,111.01,118.31,85.4,143.26
2020-07-02,171.86,154.24,111.01,118.33,85.44,143.28
2020-07-01,171.84,154.25,111.01,118.32,85.42,143.27
2020-06-30,171.84,154.28,111,118.32,85.41,143.28
2020-06-29,171.94,154.33,111.07,118.34,85.39,143.35
2020-06-28,171.97,154.44,111.06,118.3,85.39,143.38
2020-06-27,172,154.46,111.11,118.36,85.61,143.44
2020-06-26,172.02,154.56,111.13,118.35,85.58,143.47
2020-06-25,172.03,154.65,111.12,118.41,85.64,143.51
2020-06-24,172.13,154.7,111.13,118.42,85.64,143.56
2020-06-23,172.18,154.72,111.21,118.39,85.67,143.61
2020-06-22,172.28,154.83,111.34,118.41,85.72,143.71
2020-06-21,172.35,154.86,111.37,118.53,85.59,143.73
2020-06-20,172.6,155.01,111.41,118.52,85.72,143.9
2020-06-19,172.66,155.11,111.44,118.56,85.74,143.96
2020-06-18,172.68,155.1,111.45,118.62,85.72,143.96
2020-06-17,172.75,155.18,111.4,118.58,85.78,144.01
2020-06-16,172.79,155.3,111.42,118.6,85.78,144.06
2020-06-15,172.78,155.34,111.4,118.7,85.84,144.08
2020-06-14,172.89,155.42,111.43,118.72,85.86,144.15
2020-06-13,172.96,155.46,111.44,118.77,85.91,144.2
2020-06-12,173.12,155.52,111.41,118.75,86.23,144.32
2020-06-11,172.98,155.53,111.42,118.74,86.23,144.27
2020-06-10,173.06,155.68,111.38,118.74,86.2,144.33
2020-06-09,173.08,155.76,111.4,118.77,86.26,144.37
2020-06-08,173.2,155.78,111.38,118.72,86.33,144.42
2020-06-07,173.26,155.83,111.4,118.69,86.22,144.45
2020-06-06,173.23,155.87,111.42,118.66,86.38,144.48
2020-06-05,173.28,155.95,111.43,118.63,86.41,144.52
2020-06-04,173.25,155.95,111.41,118.62,86.39,144.5
2020-06-03,173.22,155.94,111.4,118.6,86.36,144.48
2020-06-02,173.17,155.91,111.38,118.59,86.37,144.45
2020-06-01,173.25,155.96,111.4,118.55,86.37,144.49
2020-05-31,173.27,156,111.38,118.54,86.34,144.51
2020-05-30,173.28,155.97,111.41,118.54,86.42,144.51
2020-05-29,173.31,156,111.46,118.54,86.47,144.54
2020-05-28,173.33,156.05,111.46,118.54,86.47,144.57
2020-05-27,173.52,156.14,111.48,118.55,86.53,144.68
2020-05-26,173.56,156.22,111.48,118.58,86.5,144.72
2020-05-25,173.64,156.31,111.46,118.6,86.54,144.77
2020-05-24,173.71,156.42,111.43,118.59,86.57,144.83
2020-05-23,173.71,156.57,111.43,118.37,86.62,144.88
2020-05-22,173.87,156.54,111.43,118.34,86.64,144.93
2020-05-21,173.92,156.57,111.42,118.32,86.66,144.96
2020-05-20,173.95,156.53,111.41,118.3,86.65,144.96
2020-05-19,173.94,156.72,111.45,118.27,86.68,145.01
2020-05-18,174.04,156.87,111.46,118.3,86.7,145.09
2020-05-17,174.01,156.9,111.51,118.34,86.7,145.1
2020-05-16,173.92,157.09,111.55,118.35,86.78,145.12
2020-05-15,173.8,157.12,111.6,118.35,86.77,145.1
2020-05-14,174.13,157.17,111.54,118.28,86.79,145.23
2020-05-13,174.06,157.16,111.53,118.27,86.78,145.2
2020-05-12,174.04,157.2,111.5,118.27,86.75,145.19
2020-05-11,173.98,157.23,111.47,118.26,86.75,145.16
2020-05-10,174.07,157.31,111.47,118.18,86.79,145.22
2020-05-09,174.1,157.43,111.43,118.12,86.8,145.26
2020-05-08,174.13,157.47,111.43,118.13,86.81,145.28
2020-05-07,174.1,157.46,111.42,118.05,86.8,145.26
2020-05-06,174.16,157.49,111.41,118.03,86.83,145.29
2020-05-05,174.18,157.53,111.41,118.02,86.83,145.32
2020-05-04,174.15,157.54,111.4,117.94,86.8,145.3
2020-05-03,174.15,157.53,111.37,117.93,86.8,145.29
2020-05-02,174.1,157.48,111.38,117.95,86.83,145.26
2020-05-01,174.04,157.46,111.35,117.96,86.85,145.23
2020-04-30,174,157.44,111.33,118.01,86.83,145.21
2020-04-29,173.93,157.42,111.33,117.98,86.82,145.18
2020-04-28,173.97,157.51,111.34,117.96,86.85,145.23
2020-04-27,174.1,157.63,111.35,117.93,86.89,145.31
2020-04-26,174.11,157.82,111.36,117.94,86.92,145.37
2020-04-25,174.02,157.82,111.36,117.92,86.65,145.29
2020-04-24,173.98,158.11,111.44,117.89,86.73,145.37
2020-04-23,174.02,158.12,111.42,117.85,86.73,145.38
2020-04-22,174.13,158.07,111.34,117.88,86.7,145.4
2020-04-21,174.11,158.09,111.29,117.85,86.7,145.39
2020-04-20,174.1,158.07,111.31,117.82,86.69,145.38
2020-04-19,174.04,158.05,111.24,117.82,86.69,145.34
2020-04-18,174.07,158.03,111.28,117.74,86.71,145.34
2020-04-17,174,158.02,111.25,117.59,86.8,145.32
2020-04-16,173.95,158,111.23,117.57,86.78,145.29
2020-04-15,173.86,157.96,111.21,117.57,86.8,145.24
2020-04-14,173.91,157.93,111.22,117.61,86.79,145.26
2020-04-13,173.91,158.04,111.16,117.63,86.82,145.28
2020-04-12,173.93,158.11,111.16,117.66,86.8,145.3
2020-04-11,173.91,158.18,111.21,117.69,86.78,145.32
2020-04-10,173.85,158.21,111.18,117.68,86.76,145.3
2020-04-09,173.88,158.2,111.14,117.69,86.74,145.3
2020-04-08,173.89,158.34,111.12,117.68,86.72,145.33
2020-04-07,173.77,158.27,110.99,117.7,86.69,145.25
2020-04-06,173.78,158.36,111,117.66,86.68,145.27
2020-04-05,173.66,158.3,111,117.6,86.67,145.2
2020-04-04,173.6,158.21,110.98,117.59,86.69,145.15
2020-04-03,173.5,158.13,110.95,117.55,86.7,145.09
2020-04-02,173.44,158.04,110.95,117.56,86.68,145.03
2020-04-01,173.35,157.98,110.95,117.56,86.64,144.98
2020-03-31,173.27,157.89,110.99,117.55,86.63,144.93
2020-03-30,173.28,158.22,111.04,117.68,86.68,145.05
2020-03-29,173.25,158.19,111,117.67,86.65,145.02
2020-03-28,173.09,158.13,111.03,117.66,86.65,144.94
2020-03-27,173.2,158.01,110.97,117.68,86.45,144.91
2020-03-26,173.18,158.13,110.92,117.61,86.44,144.91
2020-03-25,173.15,158.16,110.91,117.62,86.42,144.91
2020-03-24,173.1,158.12,110.91,117.57,86.43,144.87
2020-03-23,173.02,158.07,110.9,117.59,86.46,144.83
2020-03-22,173.06,158.01,110.86,117.63,86.51,144.84
2020-03-21,172.95,157.95,110.89,117.6,86.49,144.79
2020-03-20,172.91,157.91,110.84,117.6,86.44,144.75
2020-03-19,172.84,157.97,110.85,117.46,86.39,144.72
2020-03-18,172.82,158,110.81,117.51,86.41,144.73
2020-03-17,172.76,157.94,110.83,117.46,86.45,144.7
2020-03-16,172.69,158.02,110.85,117.42,86.37,144.68
2020-03-15,172.59,157.94,110.82,117.44,86.37,144.62
2020-03-14,172.46,157.9,110.73,117.41,86.17,144.51
2020-03-13,172.37,157.88,110.71,117.35,86.19,144.46
2020-03-12,172.28,157.8,110.73,117.35,86.19,144.41
2020-03-11,172.26,157.75,110.66,117.34,86.17,144.37
2020-03-10,172.22,157.66,110.65,117.34,86.2,144.34
2020-03-09,172.15,157.69,110.59,117.29,86.19,144.31
2020-03-08,172.07,157.64,110.58,117.29,86.14,144.25
2020-03-07,171.94,157.61,110.54,117.27,86.13,144.18
2020-03-06,171.85,157.56,110.38,117.2,86.3,144.14
2020-03-05,171.82,157.58,110.37,117.23,86.29,144.13
2020-03-04,171.74,157.51,110.36,117.23,86.25,144.07
2020-03-03,171.68,157.43,110.33,117.22,86.26,144.02
2020-03-02,171.62,157.4,110.32,117.2,86.25,143.99
2020-03-01,171.51,157.31,110.33,117.18,86.23,143.92
2020-02-29,171.46,157.23,110.3,117.2,86.22,143.87
2020-02-28,171.29,157.2,110.3,117.21,86.21,143.8
2020-02-27,171.13,157.11,110.3,117.09,86.22,143.72
2020-02-26,171.04,157.03,110.27,117.07,86.19,143.65
2020-02-25,170.83,156.9,110.2,117.12,86.11,143.52
2020-02-24,170.66,156.86,110.22,117.15,86.11,143.44
2020-02-23,170.47,156.77,110.22,117.14,85.94,143.32
2020-02-22,170.37,156.75,110.06,117.18,85.89,143.24
2020-02-21,170.34,156.68,110.04,117.16,85.95,143.22
2020-02-20,170.21,156.67,110.03,117.2,85.97,143.17
2020-02-19,170.16,156.56,110.01,117.25,85.99,143.13
2020-02-18,170.07,156.42,110,117.24,85.93,143.05
2020-02-17,169.98,156.43,110,117.24,85.93,143.02
2020-02-16,169.92,156.34,110.03,117.29,85.91,142.98
2020-02-15,169.88,156.34,109.99,117.3,85.91,142.96
2020-02-14,169.73,156.33,109.97,117.32,85.9,142.89
2020-02-13,169.63,156.17,109.92,117.31,85.91,142.81
2020-02-12,169.61,156.11,109.91,117.31,85.92,142.78
2020-02-11,169.54,156.04,109.86,117.28,85.92,142.73
2020-02-10,169.47,156.03,109.84,117.31,85.89,142.7
2020-02-09,169.28,155.98,109.82,117.26,85.88,142.6
2020-02-08,169.23,155.93,109.84,117.25,85.98,142.59
2020-02-07,169.12,155.88,109.75,117.22,86,142.52
2020-02-06,169.05,155.76,109.73,117.2,85.97,142.46
2020-02-05,168.96,155.69,109.7,117.2,85.99,142.41
2020-02-04,168.91,155.61,109.69,117.21,85.96,142.35
2020-02-03,168.78,155.59,109.66,117.2,85.96,142.3
2020-02-02,168.66,155.49,109.66,117.19,85.95,142.23
2020-02-01,168.63,155.4,109.65,117.16,85.95,142.18
2020-01-31,168.57,155.31,109.65,117.13,85.96,142.14
2020-01-30,168.46,155.25,109.57,117.12,85.92,142.07
2020-01-29,168.4,155.19,109.54,117.11,85.9,142.02
2020-01-28,168.32,155.18,109.53,117.1,85.9,141.99
2020-01-27,168.23,155.09,109.53,117.11,85.9,141.94
2020-01-26,168.14,155.05,109.5,117.07,85.89,141.88
2020-01-25,168.03,154.93,109.47,117.07,85.96,141.81
2020-01-24,167.97,154.91,109.45,117.06,86,141.79
2020-01-23,167.93,154.85,109.42,117.06,85.96,141.75
2020-01-22,167.94,154.79,109.24,117.09,85.98,141.71
2020-01-21,167.89,154.74,109.26,117.08,85.98,141.68
2020-01-20,167.76,154.7,109.23,117.09,85.92,141.62
2020-01-19,167.69,154.61,109.2,117.09,85.87,141.55
2020-01-18,167.59,154.57,109.19,117.07,85.9,141.51
2020-01-17,167.51,154.54,109.17,117.05,85.75,141.44
2020-01-16,167.43,154.49,109.18,117.01,85.75,141.4
2020-01-15,167.54,154.43,109.22,117.02,85.77,141.43
2020-01-14,167.5,154.4,109.22,117.06,85.79,141.41
2020-01-13,167.46,154.31,109.22,117.07,85.74,141.37
2020-01-12,167.4,154.25,109.16,117.05,85.74,141.33
2020-01-11,167.32,154.21,109.18,117.01,85.72,141.28
2020-01-10,167.27,154.16,109.13,117.03,85.76,141.25
2020-01-09,167.18,154.09,109.12,117,85.77,141.2
2020-01-08,167.14,154.04,109.14,116.99,85.79,141.17
2020-01-07,167.07,154,108.97,116.95,85.8,141.11
2020-01-06,167.04,153.94,108.96,116.89,85.86,141.09
2020-01-05,166.97,153.89,108.97,116.86,85.89,141.05
2020-01-04,166.93,153.81,108.99,116.88,85.89,141.02
2020-01-03,166.87,153.7,108.99,116.86,85.87,140.97
2020-01-02,166.81,153.61,108.98,116.85,85.87,140.92
2020-01-01,166.75,153.56,108.96,116.85,85.86,140.88
2019-12-31,166.7,153.5,108.97,116.84,85.86,140.85
2019-12-30,166.61,153.5,108.96,116.78,85.87,140.81
2019-12-29,166.56,153.46,108.98,116.77,85.9,140.79
2019-12-28,166.56,153.45,108.93,116.76,85.96,140.78
2019-12-27,166.47,153.38,108.94,116.74,86.13,140.76
2019-12-26,166.36,153.28,108.96,116.68,86.09,140.69
2019-12-25,166.27,153.22,108.95,116.7,86.13,140.64
2019-12-24,166.25,153.09,108.9,116.67,86.17,140.6
2019-12-23,166.14,153.02,108.8,116.65,86.17,140.52
2019-12-22,166.11,153.03,108.72,116.69,86.2,140.5
2019-12-21,166.06,153.04,108.73,116.64,85.92,140.44
2019-12-20,166.13,153.03,108.73,116.52,85.88,140.45
2019-12-19,165.97,152.9,108.66,116.43,85.92,140.35
2019-12-18,165.89,152.78,108.62,116.47,85.96,140.29
2019-12-17,165.75,152.75,108.6,116.49,85.98,140.22
2019-12-16,165.53,152.69,108.53,116.52,86.06,140.12
2019-12-15,165.38,152.65,108.54,116.53,86.1,140.07
2019-12-14,165.21,152.58,108.51,116.61,86.07,139.98
2019-12-13,165.06,152.55,108.52,116.62,86.03,139.91
2019-12-12,164.96,152.41,108.51,116.38,86.05,139.82
2019-12-11,164.92,152.35,108.51,116.36,86.01,139.79
2019-12-10,164.83,152.21,108.51,116.35,85.95,139.71
2019-12-09,164.7,152.16,108.46,116.4,85.91,139.64
2019-12-08,164.61,152.1,108.43,116.36,85.8,139.57
2019-12-07,164.53,151.98,108.34,116.34,85.82,139.5
2019-12-06,164.52,151.96,108.32,116.32,85.85,139.49
2019-12-05,164.34,151.78,108.32,116.29,85.89,139.38
2019-12-04,164.29,151.71,108.31,116.28,85.89,139.34
2019-12-03,164.1,151.5,108.28,116.28,85.89,139.21
2019-12-02,164,151.45,108.26,116.27,85.9,139.15
2019-12-01,163.95,151.41,108.25,116.27,85.91,139.12
2019-11-30,163.89,151.32,108.23,116.27,85.9,139.07
2019-11-29,163.79,151.24,108.17,116.24,85.77,138.99
2019-11-28,163.57,150.88,108.17,116.21,85.79,138.81
2019-11-27,163.52,150.82,108.15,116.22,85.8,138.77
2019-11-26,163.42,150.55,108.13,116.16,85.81,138.66
2019-11-25,163.18,150.45,108.12,116.14,85.84,138.54
2019-11-24,163.01,150.32,108.1,116.06,85.84,138.44
2019-11-23,162.89,150.31,108.1,116.06,85.63,138.35
2019-11-22,162.95,150.17,107.97,116.04,85.58,138.3
2019-11-21,162.86,149.96,107.91,115.96,85.65,138.21
2019-11-20,162.72,149.93,107.95,115.97,85.65,138.15
2019-11-19,162.52,149.77,107.89,115.94,85.54,138.01
2019-11-18,162.29,149.63,107.88,115.93,85.49,137.88
2019-11-17,162.15,149.57,107.84,115.92,85.51,137.81
2019-11-16,162.06,149.52,107.84,115.94,85.53,137.77
2019-11-15,162.05,149.45,107.8,115.87,85.55,137.73
2019-11-14,161.74,149.15,107.81,115.92,85.56,137.55
2019-11-13,161.52,149.06,107.75,115.91,85.61,137.44
2019-11-12,161.4,148.93,107.71,115.95,85.63,137.36
2019-11-11,161.21,148.88,107.69,115.92,85.66,137.28
2019-11-10,161.07,148.81,107.7,115.91,85.66,137.2
2019-11-09,160.9,148.69,107.56,115.85,85.61,137.08
2019-11-08,160.74,148.59,107.54,115.85,85.54,136.97
2019-11-07,160.41,148.51,107.5,115.69,85.55,136.81
2019-11-06,160.63,148.49,107.53,115.85,85.52,136.9
2019-11-05,160.28,148.29,107.44,115.7,85.5,136.69
2019-11-04,159.79,148.13,107.47,115.74,85.55,136.47
2019-11-03,159.79,148.13,107.47,115.74,85.55,136.47
2019-11-02,159.74,148.04,107.45,115.71,85.56,136.43
2019-11-01,159.64,148.01,107.43,115.69,85.57,136.38
2019-10-31,159.57,147.99,107.39,115.65,85.59,136.34
2019-10-30,159.49,147.94,107.39,115.65,85.58,136.29
2019-10-29,159.37,147.81,107.36,115.61,85.54,136.2
2019-10-28,159.19,147.63,107.33,115.61,85.62,136.09
2019-10-27,159.06,147.5,107.24,115.56,85.58,135.98
2019-10-26,158.99,147.42,107.21,115.57,85.46,135.91
2019-10-25,159.03,147.44,107.17,115.54,85.49,135.92
2019-10-24,158.66,147.05,107.13,115.43,85.51,135.67
2019-10-23,159,147.09,107.04,115.33,85.55,135.8
2019-10-22,158.86,146.74,107.04,115.3,85.59,135.66
2019-10-21,158.77,146.71,106.99,115.27,85.66,135.63
2019-10-20,158.66,146.66,107,115.24,85.68,135.57
2019-10-19,158.67,146.62,106.94,115.2,85.72,135.56
2019-10-18,158.56,146.57,106.95,115.21,85.73,135.52
2019-10-17,158.47,146.22,106.93,115.09,85.77,135.4
2019-10-16,158.39,146.1,106.86,115.1,85.81,135.32
2019-10-15,158.26,145.92,106.82,115.04,85.76,135.21
2019-10-14,158.08,145.86,106.8,115.06,85.71,135.12
2019-10-13,157.93,145.79,106.71,115.07,85.7,135.03
2019-10-12,157.87,145.75,106.71,115.14,85.73,135.01
2019-10-11,157.8,145.74,106.71,115.16,85.77,134.98
2019-10-10,157.67,145.45,106.7,115.11,85.8,134.87
2019-10-09,157.61,145.29,106.61,115.12,85.73,134.78
2019-10-08,157.42,145.16,106.53,115.14,85.77,134.66
2019-10-07,157.37,145.09,106.52,115.15,85.81,134.63
2019-10-06,157.25,145,106.47,115.19,85.84,134.57
2019-10-05,157.2,144.95,106.46,115.19,85.88,134.54
2019-10-04,157.15,144.92,106.49,115.21,85.92,134.53
2019-10-03,157.12,144.89,106.47,115.2,85.96,134.51
2019-10-02,157.12,144.84,106.48,115.21,85.97,134.5
2019-10-01,157.08,144.75,106.44,115.21,85.97,134.46
2019-09-30,156.97,144.71,106.46,115.22,85.95,134.41
2019-09-29,156.84,144.86,106.5,115.16,85.94,134.4
2019-09-28,156.75,144.82,106.48,115.14,85.96,134.36
2019-09-27,156.39,144.4,106.43,115.03,85.81,134.07
2019-09-26,156.42,144.39,106.41,115.03,85.8,134.08
2019-09-25,156.4,144.46,106.44,115.03,85.82,134.1
2019-09-24,156.27,144.42,106.47,115.02,85.88,134.05
2019-09-23,156.24,144.39,106.42,115.06,85.91,134.03
2019-09-22,156.08,144.4,106.32,115,86.08,133.99
2019-09-21,156.06,144.35,106.3,114.99,86.13,133.97
2019-09-20,156.05,144.29,106.32,115.01,86.19,133.97
2019-09-19,156,143.95,106.33,115.17,86.19,133.88
2019-09-18,155.92,143.96,106.31,115.19,86.22,133.85
2019-09-17,155.71,143.8,106.3,115.2,86.26,133.74
2019-09-16,155.58,143.73,106.31,115.25,86.23,133.67
2019-09-15,155.46,143.64,106.32,115.2,86.27,133.6
2019-09-14,155.42,143.63,106.23,115.2,86.39,133.59
2019-09-13,155.44,143.54,106.27,115.26,86.34,133.57
2019-09-12,155.24,143.24,106.26,115.21,86.33,133.42
2019-09-11,155.08,143.1,106.22,115.21,86.36,133.32
2019-09-10,154.9,142.98,106.2,115.27,86.38,133.22
2019-09-09,154.8,142.92,106.23,115.31,86.42,133.18
2019-09-08,154.75,142.82,106.23,115.29,86.43,133.14
2019-09-07,154.7,142.78,106.16,115.3,86.46,133.1
2019-09-06,154.57,142.74,106.2,115.35,86.55,133.07
2019-09-05,154.48,142.44,106.19,115.26,86.59,132.96
2019-09-04,154.47,142.46,106.2,115.27,86.6,132.97
2019-09-03,154.45,142.31,106.17,115.26,86.61,132.92
2019-09-02,154.45,142.26,106.2,115.25,86.64,132.92
2019-09-01,154.43,142.24,106.21,115.3,86.66,132.91
2019-08-31,154.37,142.23,106.22,115.28,86.67,132.89
2019-08-30,154.36,142.26,106.21,115.27,86.51,132.86
2019-08-29,153.9,141.96,106.18,115.24,86.55,132.6
2019-08-28,153.92,141.96,106.16,115.24,86.55,132.61
2019-08-27,153.79,141.78,106.15,115.28,86.58,132.52
2019-08-26,153.65,141.77,106.12,115.3,86.67,132.48
2019-08-25,153.53,141.67,106.09,115.3,86.73,132.41
2019-08-24,153.51,141.67,106.07,115.31,86.76,132.4
2019-08-23,153.45,141.64,105.96,115.35,86.81,132.36
2019-08-22,153.33,141.34,105.95,115.3,86.84,132.24
2019-08-21,153.14,141.34,105.89,115.26,86.87,132.16
2019-08-20,153.06,141.26,105.95,115.28,86.9,132.12
2019-08-19,152.94,141.19,105.97,115.26,86.87,132.06
2019-08-18,152.95,141.2,106,115.32,86.85,132.07
2019-08-17,152.95,141.17,106.03,115.29,86.91,132.08
2019-08-16,152.85,141.17,106.03,115.25,86.79,132.02
2019-08-15,152.7,141,106.07,115.17,86.81,131.92
2019-08-14,152.56,140.88,106.1,115.18,86.8,131.84
2019-08-13,152.53,140.71,106.08,115.18,86.81,131.79
2019-08-12,151.85,140.09,105.92,115.35,86.96,131.39
2019-08-11,151.87,140.09,105.9,115.36,86.96,131.39
2019-08-10,151.89,140.12,105.93,115.37,87,131.42
2019-08-09,151.93,140.14,105.9,115.39,87.04,131.44
2019-08-08,151.93,140.13,105.89,115.45,87.06,131.44
2019-08-07,151.97,140.15,105.9,115.44,87.08,131.47
2019-08-06,151.95,140.17,105.91,115.44,87.09,131.47
2019-08-05,151.92,140.21,105.94,115.45,87.1,131.48
2019-08-04,151.94,140.21,105.98,115.47,87.09,131.49
2019-08-03,151.94,140.22,105.97,115.5,87.08,131.49
2019-08-02,151.95,140.22,105.99,115.5,87.11,131.5
2019-08-01,151.96,140.24,105.98,115.55,87.1,131.51
2019-07-31,151.98,140.27,106,115.56,87.11,131.53
2019-07-30,152,140.26,106,115.48,87.09,131.52
2019-07-29,151.91,140.23,105.95,115.56,87.11,131.48
2019-07-28,151.95,140.2,105.92,115.57,87.11,131.48
2019-07-27,151.81,140.17,105.96,115.57,87.21,131.43
2019-07-26,151.86,140.18,105.98,115.53,87.2,131.46
2019-07-25,151.81,140.15,106.04,115.65,87.23,131.45
2019-07-24,151.81,140.18,106.04,115.65,87.23,131.46
2019-07-23,151.8,140.17,106.04,115.66,87.27,131.46
2019-07-22,151.75,140.13,105.71,115.61,87.33,131.39
2019-07-21,151.75,140.13,105.71,115.61,87.33,131.39
2019-07-20,151.75,140.07,105.7,115.64,87.3,131.37
2019-07-19,151.87,140.12,105.7,115.75,87.11,131.41
2019-07-18,151.78,140.11,105.71,115.78,87.15,131.38
2019-07-17,151.55,140.11,105.71,115.79,87.15,131.29
2019-07-16,151.51,140.04,105.72,115.77,87.19,131.27
2019-07-15,151.55,140.02,105.77,115.8,87.24,131.3
2019-07-14,151.57,139.98,105.77,115.81,87.27,131.3
2019-07-13,151.57,139.98,105.73,115.82,87.38,131.31
2019-07-12,151.57,139.98,105.76,115.84,87.4,131.32
2019-07-11,151.5,139.91,105.75,115.88,87.41,131.28
2019-07-10,151.38,139.92,105.75,115.9,87.43,131.24
2019-07-09,151.4,139.85,105.77,115.91,87.46,131.24
2019-07-08,151.46,139.81,105.75,115.96,87.5,131.25
2019-07-07,151.51,139.85,105.65,115.88,87.53,131.27
2019-07-06,151.46,139.87,105.67,115.91,87.45,131.25
2019-07-05,151.48,139.88,105.73,115.91,87.46,131.27
2019-07-04,151.48,139.91,105.75,115.94,87.49,131.29
2019-07-03,151.52,139.94,105.77,115.94,87.51,131.32
2019-07-02,151.53,139.94,105.78,115.95,87.5,131.32
2019-07-01,151.62,139.96,105.78,115.94,87.53,131.37
2019-06-30,151.64,140.02,105.79,115.95,87.57,131.4
2019-06-29,151.7,139.94,105.83,115.95,87.54,131.4
2019-06-28,151.47,139.77,105.84,115.91,87.52,131.26
2019-06-27,151.47,139.77,105.84,115.91,87.52,131.26
2019-06-26,151.43,139.82,105.8,115.82,87.53,131.25
2019-06-25,151.43,139.84,105.81,115.82,87.57,131.27
2019-06-24,151.52,139.78,105.86,115.74,87.61,131.3
2019-06-23,151.57,139.81,105.95,115.95,87.65,131.36
2019-06-22,151.55,139.76,105.93,115.98,87.64,131.34
2019-06-21,151.45,139.78,105.98,116.05,87.66,131.32
2019-06-20,151.42,139.61,105.96,116.12,87.76,131.29
2019-06-19,151.38,139.62,105.97,116.11,87.78,131.28
2019-06-18,151.44,139.55,105.97,116.15,87.76,131.29
2019-06-17,151.41,139.53,106.01,116.17,87.83,131.29
2019-06-16,151.42,139.56,106.02,116.3,87.88,131.32
2019-06-15,151.5,139.59,106.06,116.33,87.89,131.36
2019-06-14,151.58,139.67,106.1,116.35,87.97,131.44
2019-06-13,151.52,139.75,106.1,116.51,87.98,131.44
2019-06-12,151.46,139.72,106.02,116.52,87.92,131.39
2019-06-11,151.44,139.64,106.03,116.54,87.88,131.35
2019-06-10,151.45,139.69,106.07,116.51,87.89,131.38
2019-06-09,151.44,139.61,106.11,116.53,87.89,131.36
2019-06-08,151.48,139.58,106.17,116.44,87.94,131.38
2019-06-07,151.48,139.61,106.17,116.46,87.99,131.4
2019-06-06,151.33,139.49,106.19,116.39,88.05,131.32
2019-06-05,151.34,139.51,106.19,116.41,88.1,131.34
2019-06-04,151.35,139.56,106.2,116.42,88.12,131.36
2019-06-03,151.37,139.56,106.22,116.44,88.15,131.38
2019-06-02,151.39,139.59,106.22,116.48,88.2,131.41
2019-06-01,151.45,139.63,106.25,116.48,88.23,131.45
2019-05-31,151.53,139.68,106.34,116.49,88.21,131.5
2019-05-30,151.44,139.57,106.31,116.31,88.21,131.43
2019-05-29,151.5,139.6,106.36,116.31,88.21,131.47
2019-05-28,151.5,139.64,106.38,116.35,88.31,131.5
2019-05-27,151.46,139.62,106.41,116.32,88.36,131.5
2019-05-26,151.39,139.66,106.43,116.33,88.45,131.5
2019-05-25,151.45,139.72,106.47,116.22,88.5,131.54
2019-05-24,151.32,139.81,106.46,116.18,88.45,131.5
2019-05-23,151.3,139.78,106.5,116.16,88.45,131.49
2019-05-22,151.42,139.78,106.54,116.18,88.37,131.53
2019-05-21,151.41,139.64,106.57,116.13,88.41,131.5
2019-05-20,151.48,139.72,106.57,116.17,88.56,131.58
2019-05-19,151,139.54,106.54,116.26,88.86,131.39
2019-05-18,151.05,139.58,106.52,116.27,88.88,131.42
2019-05-17,151.1,139.67,106.54,116.25,88.91,131.47
2019-05-16,151.12,139.72,106.56,116.23,88.92,131.5
2019-05-15,151.2,139.79,106.57,116.25,88.92,131.55
2019-05-14,151.18,139.7,106.53,116.24,88.92,131.51
2019-05-13,151.3,139.75,106.51,116.3,88.94,131.57
2019-05-12,151.43,139.83,106.53,116.34,88.94,131.65
2019-05-11,151.52,139.86,106.54,116.31,89.03,131.71
2019-05-10,151.61,139.88,106.58,116.31,89.04,131.75
2019-05-09,151.71,139.9,106.63,116.3,89.04,131.81
2019-05-08,151.77,139.93,106.64,116.27,89.04,131.84
2019-05-07,151.81,139.92,106.67,116.26,89.06,131.86
2019-05-06,151.91,139.92,106.7,116.32,89.05,131.9
2019-05-05,151.97,139.97,106.73,116.3,89.07,131.94
2019-05-04,152.09,140.02,106.76,116.31,89.09,132.01
2019-05-03,152.15,140.07,106.75,116.32,89.11,132.05
2019-05-02,152.19,140.15,106.76,116.29,89.1,132.08
2019-05-01,152.23,140.2,106.77,116.29,89.09,132.11
2019-04-30,152.22,140.1,106.77,116.29,89.09,132.08
2019-04-29,152.31,140.24,106.83,116.31,89.1,132.16
2019-04-28,152.42,140.25,106.87,116.24,89.08,132.21
2019-04-27,152.49,140.28,106.85,116.18,89.09,132.24
2019-04-26,152.48,140.33,106.89,116.19,89.14,132.26
2019-04-25,152.5,140.4,106.91,116.2,89.18,132.29
2019-04-24,152.53,140.47,106.89,116.22,89.21,132.33
2019-04-23,152.59,140.44,106.92,116.21,89.21,132.35
2019-04-22,152.65,140.46,106.93,116.22,89.19,132.37
2019-04-21,152.73,140.48,106.91,116.16,89.16,132.4
2019-04-20,152.78,140.48,106.92,116.16,89.22,132.43
2019-04-19,152.78,140.48,106.93,116.18,89.19,132.43
2019-04-18,152.7,140.37,106.92,116.18,89.25,132.37
2019-04-17,152.69,140.46,106.93,116.17,89.23,132.39
2019-04-16,152.69,140.42,106.95,116.24,89.23,132.39
2019-04-15,152.68,140.44,106.92,116.29,89.27,132.39
2019-04-14,152.76,140.44,106.94,116.41,89.27,132.43
2019-04-13,152.82,140.47,106.92,116.41,89.3,132.47
2019-04-12,152.83,140.49,106.94,116.38,89.25,132.47
2019-04-11,152.85,140.34,106.99,116.36,89.31,132.46
2019-04-10,152.83,140.33,107.01,116.41,89.29,132.45
2019-04-09,152.82,140.41,107.06,116.39,89.29,132.47
2019-04-08,152.87,140.44,107.1,116.39,89.32,132.5
2019-04-07,152.91,140.52,107.13,116.42,89.35,132.55
2019-04-06,152.97,140.58,107.19,116.42,89.36,132.6
2019-04-05,152.99,140.64,107.2,116.41,89.44,132.64
2019-04-04,153.03,140.69,107.19,116.42,89.44,132.66
2019-04-03,153.07,140.71,107.2,116.42,89.45,132.69
2019-04-02,153.09,140.78,107.19,116.41,89.47,132.72
2019-04-01,153.17,140.85,107.21,116.43,89.45,132.76
2019-03-31,153.29,140.92,107.22,116.44,89.44,132.83
2019-03-30,153.36,141.03,107.18,116.44,89.47,132.88
2019-03-29,153.31,141.01,107.18,116.43,89.21,132.82
2019-03-28,153.3,140.93,107.2,116.46,89.2,132.8
2019-03-27,153.34,140.93,107.16,116.49,89.31,132.83
2019-03-26,153.36,141.08,107.21,116.52,89.39,132.89
2019-03-25,153.34,141.1,107.27,116.49,89.42,132.9
2019-03-24,153.46,141.15,107.28,116.49,89.42,132.97
2019-03-23,153.45,141.23,107.31,116.52,89.44,132.99
2019-03-22,153.56,141.27,107.32,116.5,89.63,133.08
2019-03-21,153.61,141.29,107.42,116.43,89.67,133.12
2019-03-20,153.56,141.3,107.47,116.45,89.59,133.1
2019-03-19,153.58,141.22,107.47,116.47,89.73,133.11
2019-03-18,153.63,141.33,107.48,116.45,89.75,133.17
2019-03-17,153.71,141.36,107.56,116.49,89.78,133.23
2019-03-16,153.77,141.46,107.55,116.49,89.74,133.27
2019-03-15,153.92,141.49,107.58,116.46,89.79,133.35
2019-03-14,153.96,141.56,107.62,116.49,89.79,133.39
2019-03-13,154.01,141.61,107.63,116.47,89.77,133.42
2019-03-12,153.98,141.59,107.68,116.47,89.73,133.41
2019-03-11,154.1,141.67,107.71,116.47,89.72,133.48
2019-03-10,154.2,141.71,107.74,116.61,89.75,133.55
2019-03-09,154.35,141.74,107.78,116.6,89.69,133.61
2019-03-08,154.36,141.8,107.74,116.6,89.71,133.62
2019-03-07,154.31,141.63,107.73,116.65,89.74,133.56
2019-03-06,154.27,141.64,107.71,116.69,89.73,133.55
2019-03-05,154.38,141.72,107.74,116.66,89.74,133.62
2019-03-04,154.34,141.69,107.72,116.69,89.73,133.59
2019-03-03,154.43,141.8,107.75,116.72,89.75,133.66
2019-03-02,154.49,141.85,107.74,116.69,89.78,133.69
2019-03-01,154.6,141.97,107.74,116.69,89.8,133.77
2019-02-28,154.65,142.04,107.75,116.71,89.81,133.81
2019-02-27,154.69,142.06,107.83,116.75,89.99,133.87
2019-02-26,154.72,141.88,107.85,116.71,90.02,133.85
2019-02-25,154.9,141.9,107.9,116.76,90.04,133.93
2019-02-24,154.95,142.01,107.93,116.7,90.14,133.99
2019-02-23,154.95,142.09,107.9,116.68,90.18,134.02
2019-02-22,154.97,142.18,107.86,116.68,90.17,134.05
2019-02-21,155.02,142.18,107.87,116.71,90.23,134.07
2019-02-20,154.97,142.26,107.92,116.76,90.32,134.1
2019-02-19,155.06,142.3,107.92,116.76,90.46,134.17
2019-02-18,155.13,142.34,107.9,116.69,90.58,134.22
2019-02-17,155.13,142.34,107.9,116.69,90.58,134.22
2019-02-16,155.25,142.43,107.95,116.72,90.59,134.3
2019-02-15,155.3,142.56,107.95,116.74,90.44,134.33
2019-02-14,155.37,142.59,108,116.63,90.5,134.37
2019-02-13,155.44,142.62,107.99,116.64,90.53,134.41
2019-02-12,155.51,142.74,107.99,116.64,90.59,134.48
2019-02-11,155.6,142.75,107.94,116.62,90.66,134.52
2019-02-10,155.64,142.84,107.92,116.66,90.68,134.56
2019-02-09,155.66,142.86,107.91,116.66,90.78,134.59
2019-02-08,155.63,142.97,107.81,116.67,90.88,134.61
2019-02-07,155.77,143.05,107.82,116.65,90.92,134.69
2019-02-06,155.85,143.07,107.88,116.65,90.94,134.74
2019-02-05,155.85,143.14,107.89,116.63,90.97,134.76
2019-02-04,155.89,143.21,107.91,116.7,90.99,134.8
2019-02-03,155.95,143.29,107.92,116.68,91.05,134.86
2019-02-02,156.04,143.35,107.97,116.65,91.11,134.92
2019-02-01,156.09,143.42,108,116.65,91.14,134.97
2019-01-31,156.17,143.48,108.02,116.66,91.14,135.02
2019-01-30,156.24,143.54,108.02,116.68,91.22,135.07
2019-01-29,156.3,143.55,108.05,116.65,91.29,135.11
2019-01-28,156.35,143.54,108.05,116.69,91.35,135.14
2019-01-27,156.42,143.63,108.03,116.71,91.42,135.2
2019-01-26,156.53,143.67,108.03,116.78,91.29,135.23
2019-01-25,156.58,143.74,108.07,116.69,91.37,135.29
2019-01-24,156.64,143.86,108.11,116.66,91.43,135.35
2019-01-23,156.71,143.98,108.13,116.64,91.43,135.41
2019-01-22,156.78,144.13,107.99,116.7,91.37,135.45
2019-01-21,156.78,144.14,107.98,116.68,91.4,135.45
2019-01-20,156.89,144.24,107.95,116.62,91.4,135.51
2019-01-19,156.98,144.37,107.97,116.69,91.45,135.59
2019-01-18,157.05,144.49,108.02,116.72,91.4,135.65
2019-01-17,157.12,144.55,108.08,116.82,91.5,135.72
2019-01-16,157.19,144.58,108.11,116.82,91.55,135.77
2019-01-15,157.26,144.67,108.11,116.81,91.63,135.83
2019-01-14,157.33,144.75,108.16,116.84,91.69,135.9
2019-01-13,157.42,144.82,108.17,116.86,91.73,135.96
2019-01-12,157.48,145.01,108.18,116.94,91.81,136.05
2019-01-11,157.6,145.09,108.2,116.94,91.86,136.13
2019-01-10,157.71,145.19,108.2,116.93,91.89,136.2
2019-01-09,157.8,145.23,108.22,116.92,91.87,136.25
2019-01-08,157.89,145.25,108.21,116.95,91.95,136.3
2019-01-07,157.97,145.36,108.22,116.94,91.97,136.37
2019-01-06,158.03,145.49,108.25,117.04,92,136.44
2019-01-05,158.11,145.58,108.26,117.04,92.04,136.5
2019-01-04,158.16,145.64,108.28,117.05,92.09,136.54
2019-01-03,158.14,145.7,108.3,117.08,92.11,136.56
2019-01-02,158.19,145.73,108.29,117.08,92.13,136.59
2019-01-01,158.25,145.76,108.3,117.07,92.12,136.62
2018-12-31,158.31,145.82,108.3,117.06,92.12,136.66
2018-12-30,158.35,145.85,108.31,117.07,92.15,136.68
2018-12-29,158.43,145.89,108.31,117.08,92.17,136.73
2018-12-28,158.48,145.94,108.3,117.08,92.18,136.76
2018-12-27,158.54,145.96,108.29,117.01,92.17,136.78
2018-12-26,158.6,146.05,108.22,116.97,92.18,136.81
2018-12-25,158.67,146.13,108.27,116.95,92.26,136.88
2018-12-24,158.72,146.15,108.28,116.86,92.32,136.91
2018-12-23,158.77,146.2,108.28,116.89,92.34,136.95
2018-12-22,158.79,146.3,108.31,116.85,92.37,136.98
2018-12-21,158.93,146.31,108.31,116.86,92.31,137.03
2018-12-20,159.35,146.35,108.27,116.92,92.49,137.23
2018-12-19,159.42,146.43,108.28,116.92,92.49,137.28
2018-12-18,159.48,146.49,108.29,116.94,92.54,137.33
2018-12-17,159.65,146.56,108.32,116.94,92.59,137.42
2018-12-16,159.78,146.65,108.37,116.99,92.61,137.51
2018-12-15,159.88,146.74,108.37,116.92,92.68,137.58
2018-12-14,159.84,146.84,108.37,116.89,92.54,137.56
2018-12-13,159.92,146.99,108.39,116.95,92.59,137.64
2018-12-12,159.94,147.11,108.34,116.93,92.64,137.68
2018-12-11,160.05,147.22,108.35,116.93,92.73,137.77
2018-12-10,160.25,147.33,108.37,116.86,92.75,137.87
2018-12-09,160.24,147.37,108.37,116.8,92.79,137.89
2018-12-08,160.31,147.44,108.39,116.76,92.88,137.95
2018-12-07,160.41,147.54,108.41,116.76,92.9,138.02
2018-12-06,160.58,147.6,108.44,116.77,93.01,138.12
2018-12-05,160.66,147.68,108.46,116.75,93,138.18
2018-12-04,160.85,147.74,108.43,116.75,92.99,138.26
2018-12-03,160.96,147.82,108.48,116.76,92.98,138.33
2018-12-02,161.04,147.89,108.47,116.8,93.01,138.38
2018-12-01,161.13,147.93,108.5,116.81,93.03,138.44
2018-11-30,161.24,148.04,108.53,116.81,93.03,138.51
2018-11-29,161.43,148.18,108.51,116.67,93.09,138.62
2018-11-28,161.48,148.19,108.5,116.7,93.16,138.65
2018-11-27,161.54,148.21,108.51,116.74,93.13,138.68
2018-11-26,161.68,148.28,108.56,116.71,93.18,138.77
2018-11-25,161.81,148.4,108.54,116.59,93.18,138.84
2018-11-24,161.93,148.48,108.56,116.62,93.18,138.91
2018-11-23,161.91,148.58,108.57,116.61,93.13,138.92
2018-11-22,162.08,148.61,108.57,116.6,93.13,139
2018-11-21,162.14,148.73,108.53,116.67,93.22,139.06
2018-11-20,162.26,148.71,108.5,116.68,93.29,139.11
2018-11-19,162.3,148.8,108.51,116.69,93.25,139.14
2018-11-18,162.33,148.96,108.52,116.65,93.16,139.18
2018-11-17,162.44,149.04,108.58,116.64,93.3,139.27
2018-11-16,162.53,149.13,108.56,116.61,93.4,139.33
2018-11-15,162.58,149.18,108.58,116.65,93.4,139.37
2018-11-14,162.64,149.17,108.65,116.66,93.4,139.4
2018-11-13,162.72,149.13,108.63,116.65,93.35,139.41
2018-11-12,162.97,149.18,108.68,116.67,93.35,139.53
2018-11-11,163.13,149.23,108.67,116.7,93.32,139.6
2018-11-10,163.07,149.24,108.66,116.67,93.37,139.58
2018-11-09,163.03,149.27,108.65,116.7,93.46,139.59
2018-11-08,163.11,149.35,108.61,116.81,93.57,139.66
2018-11-07,163.13,149.4,108.57,116.8,93.59,139.67
2018-11-06,163.21,149.33,108.55,116.79,93.59,139.68
2018-11-05,163.25,149.37,108.53,116.78,93.67,139.71
2018-11-04,163.34,149.38,108.52,116.76,93.67,139.75
2018-11-03,163.42,149.41,108.55,116.74,93.68,139.79
2018-11-02,163.48,149.44,108.56,116.75,93.7,139.83
